title,label
"VIDEO Klaus Iohannis pledează pentru solidaritate transatlantică, la recepția ambasadei SUA cu ocazia Zilei Independenței",real
Mediastandard.ro: Algoritmul YouTube recomandă conținut instigator la ură și dezinformare,real
Săteni din Bolivia au distrus antene de telecomunicaţii din cauza temerilor legate de noul coronavirus,real
"Sfârșitul republicii automobilistice germane? O nouă eră, a automobilelor ecologice",real
"Coronavirus: Amânarea summitului UE-China programat în septembrie, în Germania",real
Pentagonul publică o listă de companii care ar avea legătură cu armata chineză,real
"Cel mai influent manager din presa europeană, editorial devastator la adresa Chinei: Ce vor UE și Germania? O alianță cu democrația imperfectă din SUA sau cu dictatura perfectă din China? Alegerea nu e doar despre bani, ci despre libertate și demnitatea umană",real
Oprea (ADR): Se lucrează la un sistem de interoperabilitate a bazelor de date deţinute de instituţiile publice din România,real
STUDIU Pandemia grăbeşte transformarea centrelor oraşelor în zone prietenoase cu pietonii şi bicicliştii,real
Premierul italian Giuseppe Conte promite un plan 'clar' pentru relansarea economiei,real
"DOCUMENT Două site-uri, închise de autorități pentru că au publicat știri false legate de coronavirus",real
"Efectele pandemiei COVID-19 în rețeaua Orange România: Consumul de internet a crescut cu 39%, acoperirea 5G a fost extinsă, dar veniturile companiei au scăzut",real
"VIDEO Ambasadorul SUA la București, mesaj electoral de Ziua Națională: Guvernul Orban a aplicat reforme pentru a restaura statul de drept / Corupţia endemică şi baronii roşii rămaşi din anii regimului comunist nu îşi au locul în România modernă",real
Europarlamentarul PLUS Dragoș Tudorache cere Comisiei Europene dezvoltarea propriei tehnologii 5G de către UE: Este o adaptare imperativă la o lume în care dependența și vulnerabilitatea în fața unui regim nedemocratic și netransparent precum cel din China ne costă mii de vieți,real
"Coronavirus: Antene de telecomunicaţii, atacate pe fondul teoriilor conspiraţiei în Marea Britanie",real
"Comisia Europeană simplifică normele privind ajutoarele de stat, pentru a combate efectele economice ale pandemiei",real
Editorial  Putem să fim o echipă națională?,real
Schimbare radicală de poziție a Marii Britanii. Premierul Boris Johnson vrea să reducă la zero implicarea Huawei în dezvoltarea rețelei 5G până în 2023,real
"Mișcări tectonice în jurul României: Retragerea trupelor americane din Germania, schimbarea majoră a Statelor Unite față de Rusia din cauza Chinei și cum transformă pandemia Uniunea Europeană",real
România trebuie să dea startul unui proces amplu de consolidare fiscal-bugetară în acest an (Consiliul Fiscal),real
Trump anunță că a anulat discuțiile comerciale cu China din cauza răspunsului la pandemie,real
Twitter va adăuga etichete şi mesaje de avertizare la unele tweeturi cu informaţii controversate sau înşelătoare despre COVID-19,real
"Ministrul de Interne a decis redeschiderea unui site care a fost închis pentru știri false, cu promisiunea că acestea vor fi șterse",real
"GRAFICE ​La ce operațiuni renunță DIGI în Ungaria, după vânzarea afacerilor către o companie controlată de apropiați ai premierului Viktor Orban",real
Scandal diplomatic: Premierul Australiei somează China să își ceară scuze pentru o postare despre soldații australieni,real
Comisia Europeană trasează calea către o Europă autonomă din punct de vedere digital până în 2030,real
"Proiectul chinez de infrastructuri ‘Noul drum al mătăsii’, un instrument de ‘propagandă’ (ministru australian)",real
"China - Roboţii, trimişi în prima linie a luptei împotriva epidemiei de coronavirus",real
"Raport PwC: Tehnologia 5G va mări productivitatea, contribuind cu 1,3 trilioane de dolari la PIB-ul global, până în 2030",real
"INTERVIU Mihai Tudose: Soluția pentru re-industrializarea UE este în Europa de Est, de Sud și în țările balcanice. Se poate dezvolta în regiunea noastră atelierul de care are nevoie UE",real
Fake news combătut de OMS: Rețelele mobile 5G nu răspândesc COVID-19,real
"Iohannis: Crearea unui consens pentru o Românie digitală, începutul unui drum către o Românie normală",real
Apple a pierdut 100 de miliarde de dolari din capitalizarea sa bursieră,real
"Autoritățile din Marea Britanie cer companiilor de social media să ajute la eliminarea conspirației ""coronavirusul - provocat de 5G""",real
"Editorial  O șansă istorică: 30 de miliarde de euro în 3 ani pentru spitale, autostrăzi, digitalizare și ecologizare",real
"Consiliul Fiscal: Atingerea ţintei de deficit bugetar în 2021, fezabilă",real
Samsung prognozează un profit peste aşteptări în primul trimestru,real
The Financial Times: India își alege o tabără în noul război rece. E o nebunie din partea Chinei să-și împingă rivalul în brațele Americii,real
"Afacerile Huawei cu operatorii de telecomunicaţii dispar, anunță șeful diplomației americane",real
Boris Johnson urmează să reducă implicarea Huawei în dezvoltarea rețelei 5G din Marea Britanie,real
Judoka Vlăduţ Simionescu a scos la licitaţie telefonul şi căştile primite cadou la Jocurile Olimpice de la Tokyo,real
"Eugen Tomac, președintele PMP: Propunem înființarea unui Minister pentru Digitalizare, Inovare și Inteligență Artificială pentru valorificarea performanțelor pe care România le are în domeniul ITC",real
Marea Britanie se pregătește să suspende tratatul de extrădare cu Hong Kong,real
Guvernul urmează să se reunească joi în şedinţă,real
"Italia: Premierul Giuseppe Conte anunță un proiect post-coronavirus pentru relansarea economiei, cu sprijinul UE",real
Peru: Nişte ţărani au ţinut captivi opt tehnicieni de teama consecinţelor instalării tehnologiei 5G,real
Huawei lansează cea mai recentă versiune a telefonului său pliabil,real
"Le Figaro: Cum trage China sforile la OMS. Etiopianul Tedros Adhanom Ghebreyesus, fost membru al Partidului Comunist Etiopian, un pion al Beijingului",real
Macedonia solicită ajutorul NATO pentru combaterea știrilor false,real
Secretarul de stat american Mike Pompeo îl acuză pe şeful OMS că a fost ''cumpărat'' de China (presă),real
"Un număr de 12 mărci de motociclete şi scutere, disponibile în Programul Rabla Moto 2020 (asociaţie)",real
"Cum văd francezii „lumea de după” criza coronavirusului: reîntoarcerea la agricultura ecologică și relocarea în Europa a producțiilor strategice, considerate prioritare în urma unei dezbateri publice cu peste 165.000 de participanți",real
"Henry Kissinger avertizează că deteriorarea relațiilor SUA-China ar putea provoca ""o catastrofă comparabilă cu Primul Război Mondial""",real
Vinovatul de serviciu: Tehnologia 5G și teoriile conspiraționiste despre coronavirus,real
Industria germană cere UE să-şi înăsprească răspunsul la practicile comerciale incorecte ale Chinei,real
AMD negociază preluarea rivalului Xilinx pentru 30 de miliarde de dolari,real
"Washingtonul acuză Beijingul că derulează un ""blitzkrieg economic"" pentru a ""depăși"" Statele Unite",real
"Raport PwC: Tehnologia 5G va avea o contribuţie de 1,3 trilioane de dolari la PIB-ul global, până în 2030",real
"UPDATE În plină criză politică, Cîțu încearcă din nou o ședință de Guvern la ora 13.00 / USR ar putea boicota din nou",real
Apple se pregăteşte să lanseze 75 de milioane de telefoane iPhone 5G în 2020,real
Director ANCOM: S-ar putea ca următoarea criză să fie una cibernetică,real
"WhatsApp a introdus cea mai strictă regulă de până acum, pentru a lupta împotriva mesajelor false",real
"Beijingul acuză Washingtonul că vrea să elimine Huawei ''prin orice mijloace'', după o atenţionare a SUA în Brazilia",real
Huawei a raportat venituri de aproape 65 miliarde de dolari în primul semestru din 2020,real
"Mike Pompeo îl acuză pe şeful OMS că a fost ""cumpărat"" de guvernul Chinei",real
"Secretarul de stat american Michael Pompeo, mesaj adresat României: „Vă dorim pace, prosperitate şi multă sănătate în anul care vine”",real
WSJ: Producţia de serie a viitoarelor telefoane iPhone amânată din cauza coronavirusului,real
"Uniunea Europeană face apel la Netflix să nu mai emită în HD, avertizând că, altfel, internetul ar putea colapsa ca urmare a numărului uriaș de oameni care se uită la filme, fiind izolați în casă din cauza coronavirusului",real
"Consiliul Fiscal: Scenariul revizuit al Guvernului pare mai optimist în raport cu evoluția economiei/ Apreciem un nivel probabil al deficitului bugetar în jur de 9,8% din PIB în 2020",real
"VIDEO Bill Gates, ţinta unor teorii ale conspiraţiei care-l fac vinovat de pandemia coronavirusului",real
5G întârzie să se dezvolte în Europa: Comisia Europeană recomandă țărilor UE să aibă o abordare comună și să evite întârzierile de acordare a licențelor 5G,real
Explozia serviciilor digitale utilizate la domiciliu alimentează temerile legate de sănătate şi de confidenţialitatea datelor (studiu EY),real
Comisia Europeană: Toate statele membre au lansat un proces de revizuire şi de consolidare a măsurilor de securitate aplicabile reţelelor 5G,real
Propunere revoluționară: Comisia Europeană vrea ca fiecare cetățean să aibă o ”carte de identitate digitală” pentru a elimina birocrația și a crește gradul de digitalizare a serviciilor,real
Twitter va eticheta postările care asociază rețelele 5G cu noul coronavirus,real
Comisia de Apărare din Parlamentul britanic anunță că are dovezi că Huawei acţionează în complicitate cu statul chinez,real
"NYT: Surprinse într-o spirală ideologică, Statele Unite și China se îndreaptă spre un Război Rece",real
"Mecanismul european de redresare: Nu există proiecte care să fie excluse din start de la finanțare, dar trebuie respectate anumite condiții / Dacă proiectele din PNRR nu sunt finalizate până la finalul anului 2026, banii vor fi returnați",real
Secretarul general al NATO: Este important ca Regatul Unit să reanalizeze rolul Chinei la reţeaua sa 5G,real
"Business report: Magazinele au avut în această perioadă vânzări mai mari decât de Crăciun, la anumite categorii de produse  Coronavirus - cum se simte un antreprenor în România, astăzi  Un gigant de lux se alătură luptei împotriva coronavirusului. Va produce dezinfectant",real
"Cum vor arăta atacurile informatice în 2021 - Urmează noi unghiuri de amenințare și modificări ale strategiei de atac, spun cei de la Kaspersky Lab",real
"Cum vrea UE să ajungă la autonomie digitală până în 2030: Cel puțin 80% dintre adulți să aibă competențe digitale de bază, identificare electronică și 5G în toate zonele populate",real
Povestea negaționistului Covid a cărui soție a murit din cauza infectării: Nu mai pot schimba trecutul. Nu fiți necugetați ca mine,real
Circa 23% dintre respondenţii din România au un telefon compatibil cu tehnologia 5G (raport),real
Donald Trump nu mai are ''aceleaşi sentimente'' faţă de Xi Jinping,real
Numărul de modele electrice și hibride plug-in aflate la vânzare în România a crescut cu 70% în șase luni,real
"Schimbările 5G printre utilizatorii de smartphone-uri din 26 de țări, inclusiv România: Unul din cinci utilizatori folosește mai puțin Wi-Fi acasă - studiu",real
"Ziua Comunicaţiilor 2021, ediţie aniversară de 25 de ani",real
"Afacerile Orange România au scăzut cu 2,1% până la 273,1 milioane euro în trimestrul trei, pe fondul vânzărilor moderate de echipamente în criza COVID-19",real
Raport EY: 8 din 10 companii din sectorul telecom regândesc planurile de transformare digitală pe fondul pandemiei,real
Statele Unite deschid un nou front cu China prin faptul că și-au reafirmat sprijinul acordat Taiwanului,real
Australia regretă ''deteriorarea inutilă'' a relaţiilor cu China,real
Călcâiul lui Ahile al Uniunii Europene în relația cu China: Germania,real
Elitele de la Davos și noul război cultural global,real
Oficiali din Guvern și SRI: Ne confruntăm cu o adevărată pandemie și în spațiul cibernetic . Ce victime au fost în România și semnalul de alarmă în privința securității 5G,real
Mediastandard.ro: Dezinformarea privind 5G și Covid s-a răspândit de două ori mai repede decât alte teorii,real
Polemică Beijing-Brazilia după acuzaţiile unui fiu al preşedintelui Bolsonaro privind spionajul cibernetic chinez,real
"În Europa, noul Drum sanitar al Mătăsii promovat de China stârnește nemulțumiri / Rusia, dezinformarea și doctrina soft power",real
Noi reguli pentru simplificarea instalării rețelelor 5G în UE: Antenele vor avea limite stricte de expunere la radiații pentru protecția sănătății,real
Business report: Unde se poate călători în primele zile din 2021. Escrocherie de peste 35.000 de euro cu oferte false de Revelion. Obiceiuri surprinzătoare la trecerea dintre ani. Cele mai aşteptate telefoane,real
"Deputatul PNL, Ovidiu Raețchi: România ar trebui să încheie contracte în sectoarele de infrastructură strategică doar cu state din spaţiul euro-atlantic, sau cu companii din state cu valori democratice",real
"Site web blocat pentru fake news: ""Black Topics"" lega apariția coronaviruslui de tehnologia 5 G",real
"Forum de securitate cibernetică, organizat joi în sistem online",real
"Germania: Vicepremierul Olaf Scholz, despre uriașul plan de ieșire din cea mai gravă recesiune postbelică: ""Vrem să ieșim în forță din criză"". Măsurile decise și o notă de optimism",real
Preşedintele CIO opinează că JO 2020 vor fi primele din a patra revoluţie industrială,real
Apple a lansat un nou iPhone ieftin pentru a creşte vânzările înaintea modelului 5G,real
"Scriitorul australian de origine chineză, Yang Hengjun, judecat în China pentru spionaj",real
''Ora Guvernului'': procedură şi cronologie,real
Livrările globale de smartphone-uri vor scădea cu aproape 12% anul acesta (IDC),real
Twitter a închis contul conspiraţionistului David Icke pentru ''încălcarea regulilor privind dezinformarea COVID'',real
UE vrea să cambată teoriile conspiraționiste despre o legătură între 5G şi răspândirea COVID-19,real
La GoTech World 2020: The new reality. Digi aduce oferte pentru clienții corporate și prezentări inedite în secțiunile tematice,real
"​O noua strategie de securitate cibernetică a UE: Reducerea expunerii față de furnizorii 5G cu grad ridicat de risc, un scut bazat pe Inteligența Artificială și rolul centrului de la București",real
Trump este supărat pe China şi nu mai consideră important acordul comercial,real
"BBC Mundo: Impactul economic al epidemiei de coronavirus este evident, dar e imposibil de ştiut cât se va extinde",real
Franţa: Emmanuel Macron se întâlneşte vineri cu şeful diplomaţiei chineze,real
"5G A FOST ADEVĂRATUL CRIMINAL ÎN WUHAN, PRIMUL „SMART CITY” DIN CHINA",fake
Vaccinurile omoară mai mulți oameni decât COVID. STUDII,fake
NUCLEARA: Răzvan Dumitrescu dă în vileag - mistificarea Pandemiei aparține OMS ,fake
"„Bătrânii trăiesc prea mult și este un risc pentru economia globală, trebuie făcut ceva”",fake
Informația care aruncă totul în aer: Coronavirusul a fost o alarmă falsă globală,fake
Studiu: Utilizarea măștii pe termen lung poate contribui la stadiul avansat al cancerului pulmonar,fake
ISTERIA CORONAVIRUSULUI: PRETEXT PENTRU LEGI ABUZIVE ȘI LIMITAREA DREPTURILOR OMULUI  Citeşte mai mult pe aparatorul.md: Isteria CORONAVIRUSULUI: Pretext pentru legi abuzive și limitarea drepturilor omului https://www.aparatorul.md/isteria-coronavirusului-pretext-pentru-legi-abuzive-si-limitarea-drepturilor-omului/,fake
"Miliardarul Microsoft, Bill Gates - 64 de ani - a fost arestat astăzi, 12.mai 2020, de FBI sub acuzația de terorism biologic.",fake
ONU folosește fondurile destinate coronavirusului pentru promovarea avortului,fake
Coronavirus prevestit din 1981 în cartea scrisă de un evreu așkenazi,fake
"NU E VIRUS, E OTRĂVIRE (chimică sau electromagnetică)",fake
"PREŞEDINTELE FRANŢEI VICTIMĂ A PURTĂRII MĂȘTII DE PROTECȚIE: S-A OPRIT DINTR-UN DISCURS, ACUZÎND CĂ SE SUFOCĂ",fake
62 de cazuri rare de cheaguri de sânge la creier cauzate de vaccinul AstraZeneca sunt în investigare,fake
Gates Foundation Honoree:„Scapă de toți albii” pentru a crește rata vaccinării,fake
Cazurile de COVID-19 s-au înmulțit după introducerea obligativității măștilor,fake
Nikita Mihalkov – Bill Gates urmărește microciparea populației!,fake
402 decese survenite în urma vaccinării anti-Covid au fost înregistrate în Marea Britanie până în 14 februarie prin sistemul național de raportare YellowCard,fake
Virusul ticăloșiei,fake
Vaticanul Roșu: Papa cere folosirea pandemiei de COVID pentru impunerea unei Noi Ordini Mondiale,fake
"Veste devastatoare pentru lumea televiziunii. Toni Grecu este internat în spital, bolnav de COVID-19",fake
Deficitul de vaccinuri determină UE să se uite spre Sputnik V,fake
O jumătate de milion de rechini uciși pentru a fabrica vaccinul anti-Covid,fake
Un nou tip de coronavirus a fost descoperit în Anglia. Este o mutație a Covid-19 și e rezistent împotriva vaccinurilor,fake
"MIT SPULBERAT: Masca și distanțarea socială contestate de cel mai important Institut de Tehnologie din lume, MIT",fake
"Bill Gates, stăpânul vaccinurilor. El e sforarul din spatele Organizației Mondiale a Sănătății?",fake
Covid-21: Mutația programată a virusului care va servi la implementarea Marii Resetări a Noii Ordini Mondiale,fake
Realismul spontan din artă a învins pandemia de coronavirus,fake
Medicul Rafila:”Coroavirusul nu există”. Declarația care produce stupoare în România,fake
"Coronavirusul este pretextul pentru fuziunea identității noastre fizice, digitale și biologice",fake
Nu vă dați acordul pentru măști! S-au detectat probleme grave de contaminare,fake
"– Campanie masivă din martie , planificată împotriva idiocrației globale –",fake
"Vaccinul Covid continuă să ucidă. În Germania, zece persoane au murit la scurt timp după vaccinare",fake
"Romania nu a primit doze din lotul de vaccin AstraZeneca cu suspiciuni. Valeriu Gheorghita: ""Peste 200.000 de persoane vaccinate, fara reactii adverse deosebite""",real
"NU MAI ȚINE, LĂSAȚI…",fake
"Doctor Patolog canadian de top, declară Coronavirusul „cea mai mare farsă din istorie”",fake
Controlul total asupra omenirii,fake
"MEDICINA TRADIȚIONALĂ ȘI MEDICINA ALTERNATIVĂ, ÎMPREUNĂ ÎN LUPTA CU COVID-19: ASTĂZI DESPRE ULEIUL DE OREGANO ",fake
Tratament sigur împotriva Covid 19 recompensat cu Premiul Nobel,fake
"Lui Robert F Kennedy Jr, nepotul președintelui JFK. i-a fost șters contul de Instagram cu 800.000 de urmăritori pentru că a chestionat narativa oficială despre Covid și a avertizat asupra pericolelor vaccinurilor",fake
Profesorul Streinu Cercel: Spirtul nu folosește la nimic,real
Cercetătorii au descoperit molecula naturală care ucide coronavirusul. Se găsește în mere sau ceapă,fake
George Soros finanțează un laborator de virusologie din Wuhan. Adresa: 666 Gaoxin Road!,fake
"Interzis la rugăciune! Directorul unei instituţii publice, demis din cauză că a cerut ajutorul lui Dumnezeu împotriva epidemiei de coronavirus",fake
Revista TIME. Melinda Gates: „Negrii vor fi primii vaccinați”,fake
Nelu Tătaru renunţă la arestarea asimptomaticilor de frica lui Renate Weber,fake
"România, PE DOS: NICI ministrul Sănătății NU se vaccinează printre primii: NU sunt categorie privilegiată",fake
"Carte din 2008: “În jurul anului 2020, o boală severă asemănătoare cu pneumonia se va împrăştia pe tot Globul, atacând plămânii şi bronhiile şi rezistând la toate tratamentele cunoscute. La fel de uluitor ca apariţia în sine a bolii va fi faptul că va dispărea la fel de repede cum îşi va face apariţia, va recidiva după 10 ani, apoi va dispărea definitiv.”",fake
Sadism medical: Țesut de la fetuşi avortaţi este utilizat în mod obișnuit în vaccinurile împotriva coronavirusului pentru a „codifica” proteinele spike,fake
"Se instituie o nouă STARE de URGENȚĂ, prin noile restricții aprobate de guvern",fake
Bill Gates controlează statisticile mondiale despre Coronavirus și totodată recomandă cartea: „Cum să minți folosind statisticile”,fake
Guvernul Wuhannis umflă cifrele „infectaților” de covid-19 pentru a primi cele 33 miliarde de euro din partea UE,fake
COVID-19 MRNA nu sunt vaccinuri din punct de vedere legal – sunt terapii genetice experimentale,fake
MOARTEA DUPĂ VACCIN: De ce Valeriu Gheorghiță este un MINCINOS CRONIC care ar trebui demis urgent din funcție. DOVADA: Vaccinul MODERNA a provocat deces prin CEDAREA ORGANELOR ca în cazul profesoarei de la Oradea chiar în faza de TESTARE,fake
"ODATĂ VACCINAT, EȘTI IREVERSIBIL MODIFICAT GENETIC PRIN PARTICULE SINTETICE ȘI, MAXIMĂ ATENȚIE: VEI AVEA PROPRIETARI. (VIDEO)",fake
Nu acceptati termometrul cu laser pentru frunte! Mare atentie!,fake
MASCA – ANTENA CARE NE VA BOMBARDA CU RADIAȚII CREIERII,fake
"Nu există nicio dovadă științifică care să demonstreze că restricțiile, măștile, distanțarea fizică și vaccinarea opresc plandemia Covid-19. Plandemia continuă, caci întreaga plandemie are la bază testele RT-PCR. Covid-19 este o plandemie a testelor RT-PCR. Covid-19 este o fraudă globală! Singura cale este imunizarea colectivă naturală, dar globaliștii sunt împotriva acestei imunizări, deoarece Industria Farmaceutică pierde mulți bani",fake
"Coronavirusul, ucis de POLIDIN!",fake
"Alertă medicală! ARN-ul mesager chiar poate schimba ADN-ul uman. Vaccinul ARN mesager, inamicul tăcut al celulelor imunitare",fake
"Într-un document oficial al Băncii Mondiale, ni se spune că un program strategic de răspuns la pandemia de Covid-2019 se va sfârşi în… martie 2025. Atunci se va termina şi pandemia!?",fake
MILIOANE DE ROMÂNI SUNT IRADIAȚI ZILNIC CU OCAZIA TRIAJULUI EPIDEMIOLOGIC?!,fake
https://sputnik.md/health/20210404/34243626/Cercetatori-Germania-descoperit-substante-chimice-periculoase-masti.html,fake
Eugenistii care ne vor vaccina (II),fake
Bill Gates admite: minim 700.000 de oameni vor fi răniți sau uciși de vaccinurile împotriva coronavirusului,fake
Vaccinarea obligatorie! Dictatura BigPharma s-a declanșat,fake
Cultivarea fobiei de microbi a început mai demult,fake
"România, oficial: peste 8.000 de români vaccinați s-au îmbolnăvit… de Covid",fake
"Covid-19, un clasic model de manipulare la nivel global",fake
MEDICII din România NU VOR SĂ SE VACCINEZE ANTI-COVID 19!,fake
RĂSPÂNDIȚI: Organizația Mondială a Sănătății confirmă prin statistici că virusul COVID nu este mai periculos decât gripa obișnuită,fake
Florin Cîțu vrea politizarea bisericii: “Biserica TREBUIE să facă campanie pro vaccinare”,fake
"ONU, sub controlul lui Bill Gates",fake
"Statele Unite aprobă utilizarea IVERMECTINEI împotriva Covid. Medicul Ion Alexie din Las Vegas: „Mulți o vor alege, în locul vaccinării”. Franța dezbate chiar acum",fake
"„Gates se folosește de pandemie pentru vaccinarea populației și pentru a implanta micro-cipuri în populație” – Roger Stone, consultant al lui Trump",fake
Asociația Medicală din Tokyo recomandă administrarea ivermectinei pentru tratarea Covid19,fake
Nostradamus a prezis epidemia de coronavirus? Iată ce previziuni a făcut acesta,fake
O nouă teorie privind originea epidemiei – Coronavirusul a fost produs în Franța!,fake
UPDATE! ÎNCĂ DOI ROMÂNI UCIȘI DE VACCIN. Un profesor de 45 de ani din Argeș și un bărbat de 46 de ani din Tg. Jiu au murit la nici 24 de ore după ce s-au vaccinat cu PFIZER / BioNTech. BILANȚUL NEGRU înregistrat de ACTIVENEWS,fake
Marele Plan de depopulare planetară al globaliștilor dezvăluit!,fake
Ni se mai coace ceva: oprirea internetului,fake
"Un preot italian a murit de coronavirus, după ce a cedat aparatul său de ventilare a plămânilor unui pacient mai tânăr",fake
"Vaccinarea cu Pfizer dezvoltă și temuta boală Zona Zoster, chiar și la cei tineri",fake
Rafila confirmă că vaccinul anti-Covid modifică ADN-ul,fake
VIRUSUL DATORIILOR – O SOLUTIE CONVINGATOARE LA PROBLEMELE ECONOMICE GLOBALE,fake
"Ivermectina, medicamentul miraculos împotriva Covid-19 pe care dacă îl iei, nu te îmbolnăvești – potrivit dr. Pierre Kory, președintele FLCCC Alliance",fake
"Impunerea purtării măștilor, chipurile pentru reducerea contaminării cu Covid 19, este o crimă împotriva Umanității și un abuz împotriva copiilor",fake
Colonelul Kvachkov: „Coronavirusul este o OPERATIUNE TERORISTA pentru a prelua controlul asupra umanității”,fake
Bill Gates are patentul vaccinului pentru virusul mortal de la Wuhan! Se așteaptă 60 de milioane de morți!,fake
"Toată lumea va testa pozitiv, 5G Telstra îmbunătățește Covid – dovezi concludente Exosome",fake
Acuzații grave: Guvernul italian umflă NUMĂRUL MORȚILOR!,fake
Medicii din Moldova refuză să se vaccineze împotriva COVID-19 ,fake
Eugenistii care ne vor vaccina (I),fake
"LĂUDAT de Iohannis pentru gestionarea pandemiei, Guvernul Orban bagă farmaciile ÎN FALIMENT: banii pe medicamente NU se decontează",fake
Anette Lillinger: „Vaccinul promițător” anti-covid – o manipulare genetică interzisă!,fake
ITALIA: AUTOPSIILE ARATĂ CĂ PROTOCOALELE OMS AU FOST FATALE PENTRU BOLNAVII DE CORONAVIRUS,fake
DOCUMENT FEDERAL CONFIRMĂ: CORONA ESTE O FALSĂ PANDEMIE,fake
OMS schimbă pe furiș definiția imunității de turmă,fake
"Coronavirusul, conceput în laborator ca o armă biologică de distrugere în masă",fake
Corona și covid-19 – coincidențe sau simbolism ocult?,fake
Covid-19 chiar există! L-a patentat Bill Gates în 2015: documente și legături,fake
Bill Gates vrea ca vaccinul anti-coronavirus să intre în schema de vaccinare a nou-născuților. Țările sărace trebuie să aibă prioritate,fake
OMS spune că a greșit! VARIANTA SUEDIEI ESTE CEA MAI BUNĂ ÎN LUPTA CU COVID-19,fake
"Covid-19 se tratează cu medicamente de 25 de dolari! Interesele Big Pharma, spulberate de Donald Trump.",fake
"OMS AFIRMĂ CĂ DISTANȚA SOCIALĂ COVID 19, BLOCAREA, VACCINURILE SUNT ACUM INUTILE",fake
OAMENII NU MOR DIN CAUZA CORONAVIRUSULUI: VORBEȘTE ȘTIINȚA,fake
"ESTE DOAR O MASCĂ” SE VA TRANSFORMA ÎN „ESTE DOAR UN VACCIN”, ÎN SCURT TIMP",fake
Masturbarea te scapă de infecţia cu coronavirus,fake
Studiul arată cum măștile dăunează copiilor,fake
Elitele care au instaurat deja Noua Ordine Mondială pregătesc terenul: cine nu se vaccinează va fi exclus social!,fake
Ghimbir contra covid 19,fake
"Abandonată de România, Maia Sandu se aruncă în brațele Rusiei: Negociază un acces mai rapid la vaccinul Sputnik V",fake
"Proteste masive în toată țara, presa a minimalizat mișcarea protestatară și au subapreciat numărul participanților.",fake
Urmăriți-l pe Bill Gates recunoscând că investiția sa de 10 miliarde de dolari în vaccinuri i-a adus 200 de miliarde de dolari,fake
"Raport german: Coronavirusul, alarmă falsă!",fake
Purtarea obligatorie a măștii este terorismul tăcut destinat supunerii psihologice,fake
„Viața în 2022” ne-a fost creionată în 1962. Așa va arăta lumea în „noua normalitate”?,fake
EXCLUSIV: Vaccinarea obligatorie se va face la ordinul ministrului Sănătății cu recomandarea OMS. Amenzi de până la 10 mii de lei,fake
Maia Sandu a ignorat carantina și a mers la o instituție medicală din Fălești,fake
"NY Times scrie că „Marea Resetare” e o „teorie a conspirației” chiar în ziua în care Forumul Economic Mondial o celebrează. John Kerry, omul lui Obama: ""E nevoie de Marea Resetare pentru a opri creșterea populismului naționalist""",fake
Trump: „99% din cazurile de Covid-19 sunt total inofensive.”,fake
1 Milion de români cu sindromul Stockholm,fake
"În Italia, nimeni nu mai respectă recomandările privind distanțarea socială",fake
VACCINUL COVID VA CREA DEFECTE GENETICE IREVERSIBILE precum sindromul Down,fake
AVERTISMENTUL unui medic: care sunt ALIMENTELE care fac VICTIME sigure în fața coronavirusului,fake
"OMS, lobby pentru instaurarea Noii Ordini Mondiale! Declarații halucinante făcute de directorul Tedros Ghebreyesus",fake
Celebra Revistă NATURE susține că pentru a realiza vaccinuri anti – covid se utilizează celule recoltate în anul 1951 de la o persoană care decedase de cancer,fake
"Marcel Pavel NU are Covid-19, ci este folosit de autorități pentru a isteriza și mai mult populația",fake
"Interesant: Covidul are o vibrație de 5,5 Hz si moare la 25,5 Hz",fake
Dr Fauci nu crede în eficacitatea totală a vaccinului: Purtați mască și după,real
De ce este necesar să fie evitat acest vaccin antiCovid. Mesajul lui Robert F. Kennedy Jr.,fake
"Congresul American: Proiect de Lege nr.6666 pentru testarea Covid-19, urmărirea contactelor dintre persoane și multe altele",fake
"Masca medicală obligatorie este „fake news” de gradul I. Măștile sunt inutile, potrivit medicilor independenți* și oameniilor de știință din domeniul sănătății.",fake
Nici guvernele nu mai cred în cacealmaua cu Covid-19,fake
Slugilor lui SOROS le stă POLIDINUL în gât,fake
"Biil Gates nu ne dă nicio șansă, decât dacă ne vaccinăm în masă! Cât de evident mai poate fi scopul pentru care au eliberat din laborator acest virus?",fake
AUTORITĂŢILE UCRAINENE DECLARĂ CĂ A PARTICIPA LA LITURGHIA ORTODOXĂ E O “DISTRACŢIE” DE CARE TE POŢI LIPSI,fake
Cifrele demostrează că modelul suedez rămâne cel mai bun,fake
Vaccinurile omoară mai mulți oameni decât COVID. STUDII,fake
Oameni de știință de la OMS afirmă că nu există „nicio dovadă” că vaccinurile împiedică circulația covid-19,fake
"Abuziva vaccinare obligatorie, dictatură și teroare",fake
Arafat recunoaște că doar vaccinarea obligatorie va aduce situația la normal,fake
"Declaratie OMS: COVID-19 nu se răspândeste prin purtătorii asimptomatici, iar măstile si distantarea socială sunt inutile",fake
Opriți imediat testarea C0VID: Atât testele PCR cât și testele rapide pot cauza cancer!!,fake
"Poliția și jandarmeria ne amendează după ritualuri masonice: întâi au dat 222 de amenzi, azi anunță 444 de amenzi",fake
5G poate declanșa viruși tip Coronavirus la nivel celular,fake
COVID-19: ATENȚIE! VACCINAREA ÎNSEAMNĂ CIPARE!,fake
"AstraZeneca, vaccinul cu celule de copil avortat, provoacă un nou deces în Danemarca. România continuă vaccinarea cu serul controversat spre deosebire de Finlanda, Norvegia, Suedia și Danemarca",fake
NEUROLOG RENUMIT: MĂȘTILE SUNT O CRIMĂ ÎMPOTRIVA UMANITĂȚII ȘI UN ABUZ ASUPRA COPIILOR,fake
Un român a descoperit vaccinul contra coronavirusului dar nu e lăsat să-l producă,fake
Mit deslușit: Lingurița de argint poate transmite coronavirusul? Se pare că NU,fake
Lockdown! Din 27 martie Moldova inchide toate hotarele terestre si rutele aeriene!,fake
"Președintele Tanzaniei, John Magufuli, a fost asasinat pentru expunerea la o epidemie COVID-19?",fake
Bill Gates si-a atins scopul: Vaccinarea obligatorie începe la 1 noiembrie!,fake
Vaccinul pentru noul coronavirus va fi folosit pentru reducerea numărului populației globului. Bill Gates se implică,fake
Arafat ne bagă din nou în ceață privind coronavirusul,fake
OMS a vrut să îl șantajeze pe președintele Madagascarului,fake
"SUNTEM ÎN PLIN PROCES DE EXTINCȚIE. O ASISTENTĂ LEȘINĂ ÎN FAȚA CAMERELOR, LA 10 MINUTE DUPĂ CE A FOST VACCINATĂ, ÎN TIMP CE DISCUTA CU REPORTERII. (VIDEO)",fake
"COVID-19, o simplă gripă - Recomandarea lui Boris Johnson",fake
Dr. Monica Pop : 4.500 de români care au făcut COVID după vaccinare s-au îmbolnăvit chiar de la VACCIN!,real
"Internarea la ATI și INTUBAREA NU salvează vieți: din 44 de pacienți de la Marius Nasta, DOAR DOI au supraviețuit",fake
Vaccinul RNAm este o tehnologie concepută pentru a induce boala,fake
"Jurnalist italian: „Covid-19 este un cuțit care a sfârșit în mâinile elitelor pentru a-și atinge vechiul scop: dobândirea puterii absolute și totalitare. Ca vampirii, odată ce au gustat sângele, nu vor supraviețui dacă vor trebui să renunțe”",fake
I-au dat drumul din laborator: Un nou virus începe să ucidă în China,fake
Dr. Valeriu Gheorghiță recunoaște pentru prima oară oficial morții din urma vaccinării,fake
MAIA SANDU REFUZĂ SĂ SE IMUNIZEZE CU VACCINUL LIVRAT ÎN MOLDOVA DE CĂTRE AUTORITĂȚILE DE LA BUCUREȘTI,fake
Istoria se repeta: Epidemia care loveste la 100 de ani,fake
"Putea să ajungă un medic renumit, dar vaccinul AstraZeneca i-a tăiat aripile. Student la medicină în Franța, mort la 10 zile după vaccinare, în vârstă de numai 24 de ani. La o săptămână după decesul lui, EMA a stabilit că vaccinul AZ e sigur și eficient",fake
OMS dezvăluie genocidul ce se va produce în urma vaccinării anti-covid,fake
Și vaccinul Pfizer UCIDE! Un tânăr de doar 35 de ani din Vaslui a murit la 48 de ore de la rapel,fake
Studiul a doi oameni de știință: “COVID-19 creat in laborator”,fake
"Nimeni nu poarta masca la Copenhaga, Stockholm sau Oslo. ",fake
De ce vor muri vaccinații anti-Covid pe captete,fake
Renate Weber le cere doctorilor miluiţi de Iohannis să renunţe la mascaradă,fake
Dr. Carrie Madej din SUA ne dezvăluie PERICOLELE URIAȘE pentru sănătate pe care le poate avea VACCINUL anti- COVID,fake
"În SUA, la fel ca în Romania, pandemia Covid este suspendată pe toată perioada alegerilor",fake
"CNN: „Coronavirusul a declanșat cel mai mare experiment din lume”. Doar că e prezentat altul, la derută",fake
Tiranul Klaus Schwab declară că oamenii nevaccinați sunt o amenințare pentru umanitate,fake
Dr Fauci este făcut praf în Congresul American. Ce răspunde acesta. Dr. Fauci: „Nu mă interesează libertățile oamenilor”…,fake
Continuă umflarea cifrelor de morţi din pricina covidului,fake
"Sunt medici care sustin ca vaccinurile Pfizer pot dezvolta boli prionice. Bolile prionice = tulburări degenerative ale creierului, adica zombificare",fake
Fiecare persoană are vaccinul COVID-19 acasă,fake
HARTĂ - Lipsa oxigenării corecte a creierului duce la scăderea inteligenței. Purtarea îndelungată a măștilor distruge plămânii - STUDIU,fake
America începe ciparea populației în octombrie 2020!,fake
"Vaccinarea pentru prima dată pe oameni sănătoși, ridică probleme de siguranță",fake
"Sub pretextul Covid, vor introduce multe boli mortale. Noua tulpină lansată în Anglia este cu 70% mai contagioasă",fake
Guvernul olandez cere cetățenilor SĂ NU POARTE MASCĂ!,fake
Arafat panichează intenționat populația: Vom avea și 10 mii de cazuri noi pe zi. Ținta: interdicția de a participa la Înviere! S-o creadă el și cu Cîțu-Mâțu!,fake
"Interviu video tradus cu dr. Andrew Kaufman despre criza coronavirus, problemele testării covid, problemele vaccinurilor, vaccinul covid",fake
STATUL ATEU ÎȘI SCOATE COLȚII. DE CE AU GĂSIT MOTIVE SĂ ÎNCHIDĂ DOAR BISERICILE? ,fake
Descoperirea medicală a momentului: Sars-Cov2 este mai activ pe timpul nopţii şi în Grecia,fake
Italienii înlătură cauza pandemiei COVID-19: Peste 150 de orașe au trecut la acțiuni pentru oprirea 5G,fake
"Au fost fabricate vaccinurile Astrazeneca și Johnson&Johnson cu intenție atât de nocive, ca să fie redirecționați toți oamenii spre vaccinurile cu ARN mesager?",fake
"Realii papusari nu ne arata vreo luminita la capatul tunelului, deoarece vor ca masele nemultumite sa gaseasca o unica solutie: RAZBOIUL si REVOLUTIA",fake
Adevărata agendă a OMS: o nouă ordine mondială modelată după China.,fake
MEDIC LEGIST GERMAN: „NU EXISTĂ VIRUS UCIGAȘ”,fake
Cronici de claustrofob XVI.23.04.20. Teroarea poliţienească drept preludiu al vaccinării-cipizării forţate,fake
Lipsa sportului între primii trei factori de risc de deces cauzat de coronavirus. Se confirmă că Guvernul este complice la moartea pacienților C0vid!,fake
COVID-19: Cifre umflate special pentru a crea PANICA,fake
Coronavirusul are ”misie” ideologică anticreștină. Când e programat să revină și ce sărbătoare mai lovește,fake
"Vaccinul anti-Covid-19 , este Marca Fiarei 666",fake
"Specialiștii RĂSTOARNĂ TOT: NU ne putem infecta cu coronavirus de pe suprafețe, așa cum ne SPERIAU medicii din România",fake
În 4 spitale din România se testează aşa-zisul vaccin anti-Covid fără să ştie pacienţii?,fake
"ESENȚIAL: Scopul plandemiei a fost izolarea și restricționarea celor ce se opun globalismului, neo-marxismului, satanismului",fake
"La fel ca Bill Gates, acum Papa Francisc solicită vaccinarea tuturor împotriva Coronavirus",fake
"Suntem terminati ca specie. Pregatesc terenul pentru a ne comunica, in curand, ca acest coronavirus se transmite si prin fecale, canalizare, sobolani, pasari si alte animale",fake
OMS și presa s-au schimbat în organizații teroriste pe timp de pandemie,real
CORONAVIRUS FOLOSIT CA ELEMENT DE PROPAGANDĂ PENTRU A INTERZICE BANII NUMERAR  ,fake
O intrebare legitima: de ce Donald Trump promoveaza vaccinul lui Bill Gates daca ei sunt dusmani?,fake
"FOX NEWS TV SUA DEZVĂLUIE CUM VOR OMS, BILL GATES ȘI DEMOCRAȚII AMERICANI SĂ CONTROLEZE MASELE, SUB PRETEXTUL COVID-19. VIDEO",fake
Pandemie programată? Organizația Mondială a sănătății a anunțat încă din luna martie 2019 iminenta izbucnire a unei „pandemii de gripă”,fake
Bill Gates și elita americană nu-și vaccinează copiii!,fake
Un medic roman a dezvaluit remediul la indemana tuturor pentru a „steriliza” caile respiratorii,fake
Ceaiul care poate ajuta in lupta cu COVID-19,fake
Israelul nu recunoaștea vaccinul AstraZeneca,fake
– Înșelătoria Coronavirusului și legătura cu tehnologia 5G –,fake
"Cîțu, în corzi. Românii nu mai vor să se vaccineze",real
Congresul SUA a negociat 100 de miliarde de dolari pentru Bill Gates pentru urmărirea efectelor «pandemiei» cu șase luni înainte de apariția ei…,fake
"Au ajuns unde doreau: copiii sunt predispuși la infectare cu noua tulpină de Covid. Prin urmare, trebuie vaccinați, altfel nu grădiniță, nu școală șamd",fake
Suedezii își plantează cipuri sub piele pentru a favoriza distanțarea socială împotriva COVID 19,fake
Decizia CEDO de azi va duce la vaccinarea anti-Covid obligatorie,fake
"VACCINAREA ANTI-COVID ESTE CONCEPUTĂ SPECIAL PENTRU SPURCAREA, MODIFICAREA IREVERSIBILĂ A ADN-ULUI, ALTEREAZĂ SEMNĂTURA LUI DUMNEZEU ÎN TINE, CA BLASFEMIE SUPREMĂ ASUMATĂ, ACCEPTATĂ PRIN IGNORANȚĂ, HULĂ, PRIN NEPĂSAREA DE A-I DA CEZARULUI CEEA CE ÎI APARȚINE NUMAI LUI DUMNEZEU…",fake
COVID-19 și articolele cu numărul 33. Ordin pe unitate? Simbolism?,fake
ZECE MOTIVE PENTRU CARE SARS-COV-2 ESTE UN VIRUS „IMAGINAR” ȘI „TEORETIC”. „NU AU IZOLAT NICIODATĂ VIRUSUL”,fake
"Vaccinul, primul obiectiv al provocatei pandemii cu coronavirus este in curs de desfasurare!",fake
Soluția globaliștilor împotriva plandemiei: un nou tratat care creează esențial un guvern mondial,fake
IOHANNIS A INTERZIS DREPTUL DE A RESPIRA PE INTREG TERITORIUL NATIONAL!!!,fake
" UPDATE: Hristos Pilalis, Directorul adjunct al unui mare spital din Atena - Thriasio -, este în stare gravă la 24 ore de la administrarea vaccinului Pfizer/ BioNTech. Soția: ""Mă tem că se încearcă să se ascundă faptul că este o reacție adversă la vaccin""",fake
Congelați sperma înainte de vaccinul covid pentru a proteja fertilitatea – spun cercetătorii de la Universitatea din Miami,fake
Cîțu ne demonstrează: Coronavirusul circulă noaptea. Au fost impuse restricții de circulație și în alte țări din UE,fake
"Raed Arafat confirmă că ne vom vaccina de PATRU ORI pe an: 'Imunitatea, după vaccin, este de 6-8 luni'",fake
"Pentru că medicii AU REFUZAT să se vaccineze, centrul de vaccinare anti-COVID-19 de la Spitalul Judeţean de Urgenţă a fost închis",fake
Specialista în genetică Alexandra Henrion-Caude avertizează: există pericolul transmiterii genelor editate de vaccinul Pfizer către urmași!,fake
"Planul Guvernului: toată populația, vaccinată",fake
"Alexandru Rafila induce ideea falsă că vaccinarea a peste 100.000 de români pe zi ar putea grăbi sfârșitul pandemiei. Israelul a vaccinat de două ori pe-atât, însă pandemia s-a agravat",fake
„COVID a dus la o psihoză delirantă: oamenii au devenit opaci la orice gândire rațională”,fake
Trei elevi din China au murit din cauza măștilor purtate la orele de sport,fake
"Masca vă îmbolnăvește de Covid. Document oficial al CDC (Centrul pentru Prevenirea și Controlul Bolilor din SUA): Dintre cei care se îmbolnăvesc de Covid-19, 70.6% au purtat MEREU mască",fake
Uluitor! Olivia Steer a găsit leacul pentru coronavirus. Cum l-a denumit vedeta,fake
OMS anunță că a eradicat gripa sezonieră cu noul coronavirus,fake
Ce au descoperit cercetătorii în serul vaccinului Pfizer mărit de 200.000 de ori !,fake
BOMBA lansată de unul din medicii anti-sistem: Vaccinul anti-coronavirus NU poate fi creat,fake
Soros a găsit soluţia să 'cumpere' toată Europa: Apel către ţări pentru finanţarea luptei anti-COVID prin emiterea de obligaţiuni perpetue,fake
Isteria corona și visul dintotdeauna al oricărui tiran,fake
Sunt multe dovezi care ne arată că această pandemie a fost planificată cu scopul de a distruge libertățile oamenilor pentru a crea un Guvern Mondial,fake
"Câteva observații pertinente, elementare care arată că de fapt ne confruntăm nu cu o pandemie, ci cu o sinistră pLandemie, ce este un război viclean al globaliștilor sadici, satanici, şi care este în mod evident dezlănțuit împotriva populației acestei lumi",fake
Bill Gates aruncă BOMBA despre vaccinul împotriva Covid-19. Oamenii și l-au făcut degeaba până acum! Unde s-a greşit,fake
"MASCA – INSTRUMENT AL FRICII, AL ÎNROBIRII ŞI AL MINCIUNII",fake
Chinezii râd în hohote de proștii care au luat în serios teatrul din Wuhan,fake
IPOTEZA unui virolog: 'Dacă vaccinarea în masă e totuși o catastrofă pentru omenire?' - VIDEO,fake
"300 de oameni de știință, cenzurați pentru că denunță măsurile disproporționate împotriva covid: ‘Nu vrem să fim conduși de frică’",fake
DOCUMENT DIN ARHIVELE GERMANEI CARE ARATA ÎN 2012 PLANUL OCULTEI MONDIALE CU VIRUSUL COVID-19!,fake
"Minunata lume nouă: război informațional împotriva publicațiilor conservatoare, naționaliste și ortodoxe",fake
Fostul vicepreședinte al Pfizer rupe tăcerea: „Avem nevoie de Dumnezeu mai mult ca oricând”. Dezvăluirile omului de știință,fake
"Vela – Strănuți pe stradă, ești bun de pușcărie!",fake
"„Nu vă mai lăsați testați, dacă vreți să trăiți și după 2021.",fake
S-a aflat tratamentul împotriva COVID-19? - De ce nu se vrea cunoașterea lui,fake
Pandemia va tine 2 ani exact cât au ei nevoie pt implementarea noii tehnologii 5G la nivel mondial!,fake
"[VIDEO] Măștile conțin paraziți? Din acest motiv să fie interzisă ivermectina, un anti-parazitar?",fake
Dr. Rashid Buttar afirmații devastatoare despre situația actuală: ”Fauci a ajutat la crearea Covid 19”,fake
Fost vicepreședinte Pfizer: „Nu este nevoie de vaccin… Pandemia s-a încheiat”,fake
"„Vaccinurile sunt arme de distrugere în masă”. LUMEA VA PLĂTI CUMPLIT! – Avertismentele grave către OMS ale virusologului Geert Vanden Bossche, fost angajat al Fundației Gates, și ale doctorului Vernon Coleman",fake
Fauci recunoaște că masca nu protejează împotriva Covid și recomandă purtarea și a ochelarilor,fake
"BILL GATES: A ÎNCEPUT DISTRUGEREA ÎN MASĂ A POPULAȚIEI, VACCINAREA ESTE AL III-LEA RĂZBOI MONDIAL...",fake
Toţi pacienţii infectați cu Covid-19 și decedaţi au avut cel puțin o boală asociată.,fake
NOI MĂRTURII DESPRE „COROANA SATANEI”…,fake
Serialul Netflix “My Secret Terrius” a prezis în 2018 apariţia coronavirusului cu o acurateţe alarmantă! “Atacă direct plămânii!”,fake
"Mortalitatea covid este doar 0,018 la nivelul lumii, cu toate decesele puse în mod fals pe seama plandemiei",fake
Cum ne păcălește Beniamin Netanyahu că se vaccinează,fake
DANI MOCANU INTERNAT LA SPITAL DUPĂ CE A PRIMIT VACCINUL ÎMPOTRIVA VIRUSULUI,fake
Masacrul Pfizer din Gibraltar,fake
STUDIUL care-l bagă pe Arafat în pușcărie: Închiderea magazinelor la ora 18:00 duce la CREȘTEREA infectărilor C0VID,fake
"După valul de critici, Vlad Voiculescu schimbă mesajul! Ce le recomandă românilor pentru seara de Revelion",fake
PSD: Iohannis şi Guvernul Orban vând românilor iluzia unui vaccin anti-COVID,real
România ar avea propria TULPINĂ de coronavirus - Presa străină scria de ea de anul trecut,fake
Începe nebunia! Pandemia de coronavirus aduce FOAMETEA!,real
Expunerea ritualului ocult de inițiere a coronei (coronavirus),fake
Pandemia este o farsă! Cine spune asta.,fake
"Capii Facebook, Google şi Twitter puși la colț de Congresul american pentru că nu au CENZURAT destul în legătură cu plandemia",fake
"LUCIFERase, componenta chimică principală din vaccinul lui Bill Gates pentru Coronavirus",fake
INTERESANT Valeriu Gheorghiță nu-i lasă pe pacienți să decidă cu ce doză să se vaccineze: Moderna sau Pfizer,fake
"„VOR CREEA UN VIRUS, VOR SIMULA ȘI VOR VINDE ANTIDOTUL.” declaratia lui Gaddafi in primii ani de conducere",fake
"Cercetătorii sunt uimiţi de… dispariţia gripei! Dar chiar a dispărut, sau e doar mascată de Covid-19?",fake
VACCINUL NU VĂ VA IMUNIZA ȘI NICI NU VĂ VA PROTEJA DE „VIRUSURI” DAR VA FACE SĂ DISPARĂ O „PANDEMIE”!,fake
"Tratament pentru coronavirus a la Calinic: ""Folositi pe nas betisoare cu apa fierbinte, otet si sare. Asa prajiti Covidul!""",fake
"Vaccinurile Covid-19 sunt arme de distrugere în masă, care ar putea să șteargă omenirea de pe fața pământului",fake
"[STUDIU] Universitatea Stanford: „Măștile faciale sunt ineficiente în blocarea transmiterea virusului COVID-19, ÎNSĂ acestea pot provoca deteriorarea sănătății și moartea prematură a celor care le poartă!”",fake
Marele Plan din Spatele Proiectului COVID-19,fake
TEHNOLOGIA DE VACCINARE MRNA ESTE „PIRATERIA SOFTWARE-ULUI VIEȚII”. MODIFICĂ GENOMUL UMAN,fake
Belarus a declarat COVID 19 boală psihică și a exclus-o de la boli infecțioase,fake
Gura păcătosului adevăr grăiește ?! „…furnizorii (de vaccinuri) au rămas fără oameni ce vor să fie eutanasiați.”,fake
Indienii au găsit leac la Covid-19. Ce tehnică tradițională ajută la combatere,fake
"«Certificatele imunitare», fără de care nu vom putea ieși din casă nevaccinați",fake
Medicii din Germania și Spania declară că pandemia a fost planificată,fake
Purtarea pe termen lung a măştii afectează memoria şi oxigenarea creierului,fake
"O altă victimă a vaccinării Covid: Zelia Guzzo, profesoară de 37 de ani din Italia, decedată după ce a făcut hemoragie cerebrală în urma injectării cu AstraZeneca",fake
O mare victorie pentru Omenire și Libertate: Curtea Supremă  a Statelor Unite a anulat Vaccinarea Universală pe care o preconiza Banda lui Bill Gates și a celorlalți tâlhari mondialiști,fake
Unele femei injectate recent cu vaccinurile experimentale Covid prezintă simptome de cancer mamar,fake
Medicii canadieni se pronunță împotriva restricțiilor guvernamentale COVID: măștile și vaccinuri nu sunt necesare!,fake
OMS recunoaște EFECTELE vaccinării: numărul deceselor și a infectărilor a crescut. Tot OMS se declară împotriva pașaportului de vaccinare,fake
Fost ministru român: coronavirusul a fost creat în laborator și brevetat la Paris,real
Carantină globală o dată la 2 ani. Nebunia adepților încălzirii globale are legătură directă cu plandemia,fake
Oamenii pot fi expuși la riscuri potențial letale în cazul vaccinării. Serurile se bazează pe o tehnologie genetică neutilizată niciodată în cazul persoanelor sănătoase,fake
"Muammar Gaddafi: „Vor crea virusul, se vor preface ca n-au leac și, apoi, vor vinde antidotul”",fake
Caraghiosul salut cu cotul a fost cultivat mai demult de păpușarii robotului Iohannis,fake
Covid-19 și Noua Ordine Mondială: De ce au creat globaliștii virusul?,fake
"Covid-19, Marea Resetare și Noua Ordine Mondială: Noua Normalitate, Dictatura Globală, Fără Proprietate, Transumanism.",fake
"Prospectul explicat al vaccinului anti-Covid19, care ne pune pe ganduri.",fake
"Vaccinul, trilioanele și cetățeanul",fake
Peste 500 de medici germani acuză escrocii Covid. „Avem o mulțime de dovezi că este vorba de o poveste falsă în întreaga lume”,fake
"Matrix e acum și aici. VACCINURILE COVID-19, abia începutul SUPRAVEGHERII și CONTROLULUI populatiei",fake
Vaccinarea transformă COVID-19 în armă de distrugere în masă. Cât de credibil e avertismentul,fake
Breaking: armata României va fi implicată în vaccinarea populației,fake
"Ceva ciudat: politicienii care iau vaccinul anti-covid, sunt îmbrăcați în haine negre și/sau închise. Ce semnifică asta?",fake
Coronavirusul chinezesc sau când realitatea bate filmul: O pandemie planificată cu mult timp înainte?,fake
"O dezvăluire uluitoare: Testele PCR nu diagnostichează, ci contribuie la împrăștierea virusului iar vaccinul ce se pregătește este digital nu biologic. Evidență prin date tehnice din cercetare",fake
Masca (botnița) te face stupid,fake
Marea Resetare: „Această pandemie COVID este șansa noastră…” A cui?,fake
"Familia Gates, Eugenia și Covid-19",fake
"Instanța din Peru decide că Bill Gates, George Soros și familia Rockefeller au „creat” un coronavirus pandemic",fake
Cercetător român din SUA: noile „vaccinuri” nu sunt vaccinuri,fake
Maia Sandu - NU AI VACCINĂ ATI-COVID19 NU POȚI MERGE LA ȘCOALĂ. Fiecare elev trebuie vaccinat...,fake
Decese puse pe seama coronavirusului în Italia: Și minciuna e vorbă…,fake
"Video-şocant! Acum 5 ani, Rai 3 a dezvăluit despre experimentele chinezilor cu un virus derivat din lilieci și șoareci",fake
Covid-19 Noua Armă Biologică de distrugere în masă (partea I),fake
"Ofertă și contraofertă: după ce mai multe afaceri din Brașov au oferit un discount de 10% pentru cei care se vaccinează, o afacere din Târgu Jiu oferă 20% reducere pentru cei refuză vaccinul anti covid",real
"Câteva observații pertinente, elementare care arată că de fapt ne confruntăm nu cu o pandemie, ci cu o sinistră pLandemie, ce este un război viclean al globaliștilor sadici, satanici, şi care este în mod evident dezlănțuit împotriva populației acestei lumi",fake
Serurile anticovid – arme de distrugere în masă?,fake
O mare victorie pentru Omenire și Libertate: Curtea Supremă  a Statelor Unite a anulat Vaccinarea Universală pe care o preconiza Banda lui Bill Gates și a celorlalți tâlhari mondialiști,fake
SUA: Amendă sau închisoare pentru cei care refuză vaccinul împotriva Coronavirus,fake
"Întreaga poveste oficială Covid-19 se bazează pe trei elemente: Testele RT-PCR, povestea “virusului ucigaș” și “morții DE Covid” fără autopsie",fake
"Dr. Dorel Săndesc, despre vaccinul anti-covid: Toate teoriile indicau apariția unei epidemii. ARN mesager era cunoscut, se lucra la el de cel puțin 20 de ani",fake
România dă startul: circul cu pandemia se va opri în toată lumea,fake
Actualizare Ben Fulford (07.05.2Q2Q) – Falsa pandemie va duce la expunerea Programelor Spațiale Secrete?,fake
Maia Sandu - Copii și Studenții vor fi vaccinați în luna APRILIE OBLIGATORIU cu SPUTNIK V. Sunt în grupa de risc...,fake
ALERTĂ! Dr. Anca Nitulescu: Copiii pot fi VACCINATI OBLIGATORIU anti-covid la școală!,fake
"Despre înțelesul ascuns al termenului COVID: Este necesar să fie citit în ebraică, înseamnă cumva posesie demonică?",fake
Coronavirus – Agenda 21/30 de depopulare planetară,fake
Adevăruri despre Covid-19,fake
Vaccinul Covid-19 creat de AstraZeneca conține țesut de fetuși avortați,fake
Paralele frapante între atentatele din 11 septembrie 2001 și Covid-19,fake
Pandemia coronavirus COVID-19: Pericolul real este „Agenda ID2020”,fake
"Anette Lillinger, neuropat german: „Vaccinul promițător” anti-COVID – o manipulare genetică interzisă!",fake
"Kituri de Covid-19 deja infectate, produse în laboratorul finanțat de Bill Gates",fake
OBLIGATORIU - Moldovenii care nu vor fi vaccinați antiCOVID vor fi deportați din Anglia și Europa...,fake
Nebunie Totală – Planurile guvernului Spaniol pentru cei nevaccinați,fake
Curtea Supremă austriacă respinge obligativitatea botniței la școală,fake
Accidentele și coincidențele care au dus la pandemia Covid-19,fake
Măștile faciale conțin substanțe toxice cauzatoare de cancer,fake
O informare explozivă despre coronavirusul 2019-nCoV (I),fake
"Uite virusul, nu e virusul: pandemia covid, 100% fraudă planetară",fake
Medicii patologi europeni susțin că nimeni nu a murit din cauza Covid-19,fake
Minciunile despre Coronavirus și Războiul pentru Vaccinare,fake
"Un medic zguduie lumea științei: „Covid-19 este o farsă! Masca, distanţarea şi testele sunt inutile! Totul e o afacere”",fake
Campanie mincinoasă a Guvernului pentru vaccinul de Covid în presa română plătită de stat. Vaccinul are cel puțin 15 EFECTE ADVERSE. Medic real: „Nu am văzut niciodată o frecvență atât de mare a efectelor secundare pentru un vaccin”,fake
Operațiunea Coronavirus funcționează mână în mână cu Agenda Nanotehnologiei,fake
Experți germani au identificat substanțe toxice și cancerigene îmbibate în unele măști vândute pe timp de pandemie,fake
Laboratorul Wuhan a acordat brevete pentru cuști de lilieci pentru experimente cu virusuri,fake
Iată pe scurt de ce „Pandemia” de coronavirus este o înscenare,fake
"Profesorul japonez de fiziologie  medicinală, dr. imunolog Tasuku Honjo, a provocat astăzi senzație în mass-media, spunând că virusul corona nu este natural",fake
Avertismentul unui imunolog american – Vaccinurile PFIZER și MODERNA ar putea cauza BOLI CRONICE PE TERMEN LUNG,fake
Farsa și agenda diabolică a unui «blocaj universal»,fake
PLANDEMIE este cuvântul potrivit pentru criza mondială prin care ni se suprimă drepturile și libertățile,fake
"Coronavirusul european, o perdea de ceaţă pentru ce se pregăteşte prin aşa-zisul exerciţiu de apărare „Europe Defender 20”?",fake
Presa Internațională Confirmă : Dovezi că virusul corona este făcut în laborator,fake
"Un studiu arată legătura mortală între purtarea măștii, hipoxie și cheagurile de sânge",fake
Alertă: copiii pot fi vaccinați obligatoriu la școală!,fake
Bill Gates vrea să elibereze țânțari modificați genetic pentru a vă injecta “vaccinuri”,fake
"China a fost rampa de lansare a virusului globalist, care are misiunea de a distruge suveranitatea națională, credința, familia, libertățile și de a instaura Noua Ordine Mondială",fake
Șocant: Medic dintr-o unitate Covid-19 din Franța explică cum statul orchestrează un genocid,fake
Date oficiale: milioane de teste COVID-19 vândute în 2017 și 2018. Plandemia va dura 5 ani ,fake
DEZVĂLUIRI CU DOCUMENTE – Pașapoartele de vaccinare covid erau pregătite din 2018,fake
Fiecare persoană are vaccinul Covid-19 acasă,fake
„Nu este nevoie de vaccin. Pandemia s-a încheiat”. Fostul șef științific al Pfizer acuză că „al doilea val” a fost falsificat cu ajutorul testelor Covid,fake
Marea resetare a globaliștilor se transformă în marea trezire a oamenilor,fake
5 întrebări de adresat prietenilor dvs. care intenționează să obțină vaccinul Covid,fake
Războiul psihologic COVID: „Tehnici de modificare comportamentală” pentru supunerea populației,fake
Renumitul virusolog Sucharit Bhakdi avertizează împotriva vaccinului coronavirus cu modificări genetice,fake
Cercetător german: Virusul a fost creat în Laborator,real
Referendum național pe tema vaccinării obligatorii împotriva noului coronavirus,fake
"Uluitor, Iohannis ar fi fost avertizat despre pandemie!",fake
"FunVax, program biologic dezvoltat de SUA pentru neutralizarea unei gene umane",fake
"Prof. Vasile Astărăstoae: Vaccinul anti-COVID a fost creat printr-o inginerie genetică, pe bază de ARN mesager care e o noutate în domeniul vaccinurilor. Aceste firme nu au niciun fel de experiență în vaccinuri. Optimismul ăsta deșănțat va avea efecte",fake
Americanii vorbeau de pandemia de coronavirus înainte să înceapă. Bomba biologică și legătura cu Bill Gates,fake
Consilier al ministrului rus al Apărării: Covid este un proiect al globaliștilor,fake
Facebook va marca utilizatorii vaccinați și le va prioritiza postările,fake
"Prof. Christian Perronne : “Moderna, Pfizer, nu sunt vaccinuri, este terapie genică” „Trebuie REFUZAT CATEGORIC tipul acesta de vaccin”",fake
"Cu îngrijorare, despre vaccinare: vaccinul covid = legume modificate genetic",fake
HAOS în Europa! A început URMĂRIREA telefoanelor! ALERTĂ,fake
Exploziv! Teoria Conspirației. Elitele pregătesc „Marea Resetare” cu ajutorul pandemiei!,fake
Expertii au o ipoteza ULUITOARE. Revine teoria laboratorului/ Cand ar fi apărut pentru prima dată coronavirusul,fake
"Inca de la inceputul isteriei Covid-19, globalistii i-au atacat si cenzurat pe toti cei care spuneau adevarul despre Covid-19 (medici, avocati, oameni de stiinta, jurnalisti, fosti ofiteri de informatii etc.). Astazi, avem informatiile adevarate!",fake
Pfizer compania care produce vaccinul anti Covid-19 nu poate fi dată în judecată!,fake
Libertatea a murit! Vaccinare obligatorie în Danemarca! Urmează restul Europei!,fake
Covid-19 : Pandemia a fost planificată să introduca noua ordine mondială!,fake
"Vaccinul anti-Covid, nu e de fapt un vaccin – explicația",fake
"Blocajele au fost inspirate de Partidul Comunist Chinez. O recunoaște „creierul” din spatele lockdown-ului din Anglia, Neil Ferguson",fake
De ce vor muri vaccinați anti-covid pe capete?,fake
Înșelătoria Coronavirusului și legătura cu tehnologia 5G,fake
Jurnal COVID-19: Otrăvirea României și a românilor - prostia și corupția ucid,fake
Vitamina d este răspunsul științific și clinic eficace la Covid-19?,fake
Dr. Mike Yeadon: Pandemia s-a sfârşit – “Cel de-al doilea val” este fabricat prin testele fals-pozitive de COVID,fake
Studiu: Minoritățile sexuale se confruntă cu complicații de sănătate legate de COVID mai ridicate decât persoanele heterosexuale ,fake
"Guvernul britanic va colecta amprentele si ADNul celor infectați cu Covid, pe motiv de terorism",fake
"Turn 5G deghizat instalat pe furiș, în vreme ce noi suntem blocați în case – adevăratul scop al acestei tehnologii",fake
"Măștile Covid-19 provoacă inhalarea fibrelor plastice, dăunătoare plămânilor",fake
Donald Trump pune armata pe americani: Anunță vaccinare cu forța împotriva COVID-19,fake
A ne vaccina sau a nu ne vaccina? Aceasta este întrebarea,fake
De ce bărbații nu mai sunt bărbați și cine sunt primii care vor încasa vaccinurile modificate genetic covid?,fake
Cum ne păcăleste Beniamin Netanyah că se vaccinează,fake
https://josbotnita.ro/bill-gates-reducerea-populatiei-prin-vaccinare/,fake
Agenda globalistă: crearea unui super-stat european,fake
"Testul criminal, covido-escrocheria și vaccinarea mascată - s-au descoperit nanoparticule în testele PCR",fake
Ce se întâmplă în America? Spitalele pentru Covid sunt goale?,fake
Fauci cere Americii să folosească copiii ca cobai umani pentru experimente cu vaccin covid,fake
Gheorghe Funar: “Președintele și Guvernul să prezinte soluțiile în cazul în care milioane de oameni vor necesita tratamente ca urmare a vaccinurilor împotriva COVID-19”,fake
O informare explozivă despre coronavirusul 2019-nCoV (II),fake
Gena care salvează oamenii de cazurile grave de COVID-19. De unde am moştenit-o,real
"Covid-19 are legătură cu Marea Resetare pe care au anunțat-o globaliștii de la Forumul Economic de la Davos. L-au invitat pe Donald Trump la Forumul Economic de la Davos, iar Donald Trump a refuzat să accepte Marea Resetare: “Ne-am angajat să păstram măreția creației lui Dumnezeu și frumusețea naturală a lumii noastre. Nu vom lăsa niciodată socialiștii radicali să distrugă economia și să ne ruineze țara”",fake
"Pașaportul Covid sau pașaportul european verde digital duce la supravegherea în masă a populației, acuză europarlamentarul Terheș",fake
"Sub pretextul epidemiei, Putin a lansat un uriaș experiment de urmărire a populației",fake
Avansarea prin frică,fake
Autoritățile din domeniul sănătății din Marea Britanie: niciun caz de gripă nu a fost detectat în acest an,fake
Sinistra Agendă din spatele panicii COVID 19,fake
Cei care merg iute au șanse de 4 ori mai mici să ia Covid,fake
Dictatura COVID și Poligonul de încercare România,fake
"Simbolismul insidios al Măștii: Ca uniforma din China lui Mao, Masca este un semn al Dictaturii ce ni se pregătește",fake
Covid-19 Noua Armă Biologică de distrugere în masă (partea a II-a),fake
Femeie arestată în Anglia pentru că a filmat un spital gol,fake
"ActiveNews a descoperit SUTE DE DECESE în urma VACCINURILOR anti-Covid, în documentele oficiale ale UE și SUA. Peste 173 de morți în Europa și peste 317 în America. 16.479 de cazuri cu reacții adverse la Vaccinul Pfizer în UE. Majoritatea femei. DOVEZI",fake
Asasinii politici și asasinii biologici acționează în România cu complicitatea Parlamentului,fake
Coronavirusul din China și Bill Gates,fake
Cinci scenarii pentru finalul șarlataniei,fake
Ben Fulford (14.09.2020) : Genocid 5G la nivel mondial începând din octombrie,fake
Breaking! Documentele care conțin lista efectelor adverse cauzate de vaccinurile anti-COVID-19,fake
"Covid-19: pregătiri pentru DICTATURA electronică. Premierul Israelului propune CIPAREA elevilor, China le-a pus deja brățări electronice…",fake
PREVIZIUNE TERIBILĂ: Dr. Vernon Coleman prezice că oamenii vaccinați vor începe să moară în toamnă și anunță un genocid general pentru majoritatea populației,fake
A apărut vaccinul anti-COVID sub formă de iaurt: „Este pur și simplu lapte fermentat cu bacterii ce conțin genele coronavirusului”,real
Operațiunea Coronavirus merge mână în mână cu Agenda nanotehnologică,fake
COVID Big Brother: În Israel a început supravegherea în masă a telefoanelor – fără mandat – pentru a combate coronavirusul,fake
Valul 2 Covid – încă un atac asupra umanității de la Oculta Mondială,fake
Exterminarea omenirii intră într-o nouă fază? În SUA se propune purtarea a două măști deodată de către aceeași persoană,fake
Vârsta ca infracțiune,fake
Pericolul real al pandemiei este „Agenda ID2020”,fake
Franța: Scandalul clorochinei – un medicament antimalarie considerat salvator în infecția cu virusul Covid-19,fake
Virusul Sars-Cov-2 conceput și optimizat special pentru oameni. Pandemia de Covid19 între bioterorism și crime împotriva umanității,fake
România furnizează cobai umani - pacienții primesc medicamente experimentale,fake
Visul lui Bill Gates: Vaccinarea obligatorie la nivel mondial!,fake
Global Research: ZECE motive pentru care SARS-CoV-2 este „un virus teoretic” și „imaginar”. „N-au reușit niciodată să izoleze virusul”,fake
Covid-19 este cea mai mare operațiune teroristă împotriva omenirii,fake
"Avertisment extraordinar de grav: Dacă faceți vaccinul Covid copiilor, comiteți o crima!, alertează savantul virusolog Sucharit Bhakdi într-o filmare virală",fake
 Infectarea cu SARS-CoV-2. 12 semne ale unui COVID-19 de durată ,fake
"Deși este o tribună vaccinistă, The New York Times recunoaște că imunitatea naturală este de preferat, pentru că durează ani de zile sau chiar o viață întreagă",fake
"Dr. Fauci vorbea constant cu Bill Gates și Mark Zuckerberg, știa că măștile nu funcționează și era conștient de probabilitatea unei scurgeri din laboratorul din Wuhan, reiese din e-mail-uri lui, prezentate de presa americană conservatoare",fake
Mike Pompeo trage un semnal de alarmă: „Laboratorul din Wuhan e încă în funcțiune“ ,fake
"Dr. Emilian Imbri, despre imunitatea la COVID-19: Scade după o perioadă pe care specialiştii nu o cunosc ",fake
"Vlad A. Popescu, Viața face toți banii",fake
"Olteo și Doru, Un proces pierdut. Roman social",fake
"Clitus Constantinescu, Lacul blestemat",fake
"Ion Călugăru, Trustul. Roman",fake
"N. Papatanasiu, Catarge",fake
"F. Aderca, A fost odată un imperiu...",fake
"Clitus Constantinescu, Lacul blestemat",fake
"Eugeniu Sperantia, Casa cu nalbă (1915-1916)",fake
"G. Caïr, Nevroză",fake
"N. Arcaș, Ocnașul. O eroare judiciară",fake
"Cezar Petrescu, Apostol. Roman",fake
"Sylvius Rolando, Ne leagă pământul...Roman",fake
"Panait Istrati, Codin",fake
"N. Davidescu, Conservator și C-ia",fake
"N. Rădulescu-Niger, Orfanii neamului. Roman naționalist",fake
"Sylvius Rolando, Ne leagă pământul...Roman",fake
"N. Rădulescu-Niger, Măria sa „Ogorul”. Roman social",fake
"A. Xenopol, Uragan. Roman istoric. 1913-1918",fake
"Puiu Gârcineanu, Lângă schitul lui Tărâță. Roman",fake
"N. Papatanasiu, Catarge",fake
"Camil Petrescu, Ultima noapte de dragoste, întâia noapte de război",fake
"N. Pora, Măscărici. Roman",fake
"C. Manolache, Târgul Mausului",fake
"Apostol Fulga, Altceva. Roman",fake
"Ionel Neamțiu, Farmecul gotic. Roman",fake
"Ruxanda Levente, Cenușă",fake
"Nona G. Bălțățeanu, Dureri ce nu se spun",fake
"Teodor Râșcanu, Ileana Lupului. Roman",fake
"L. Leoneanu, Femeia de gheață",fake
"George Acsinteanu, Convoiul flămânzilor. Roman",fake
"Romulus Dianu, Nopți la Ada-Kaleh. Roman",fake
"N. Rădulescu-Niger, Drama unei tinereți. Roman social",fake
"Cezar Petrescu, Ochii strigoiului. Roman. Vol. III",fake
"Cezar Petrescu, Ochii strigoiului. Roman. Vol. III",fake
"Damian Stănoiu, Camere mobilate",fake
"N. Rădulescu-Niger, Drama unei tinereți. Roman social",fake
"Ionel Teodoreanu, Bal mascat",fake
"N. Rădulescu-Niger, Drama unei tinereți. Roman social",fake
"Liviu Rebreanu, Adam și Eva. Roman",fake
"""Partida rusă"" din energie",real
"Andreea Esca are COVID. COVID-ul există, în sfârșit!",real
Samsung Electronics anunţă investiţii de 206 miliarde de dolari în următorii trei ani,real
"Peste 750 de milioane de cipuri AI încorporate în mobile vor fi vândute în 2020  venit estimat de 2,6 miliarde de dolari (studiu)",real
Coronavirus: Parlamentarii iranieni cer interzicerea vaccinurilor anti-COVID-19 occidentale,real
"Kanye West își anunță candidatura la președinția SUA, cu sloganul DA. Ce spune despre Donald Trump și cine l-a convins să candideze",real
"Încă un site blocat pentru informații false despre evoluția COVID-19: Un blog care ar fi promovat conspirații despre noul coronavirus, vaccinuri și tehnologia 5G",real
"Japonia, investiţie de miliarde de dolari pentru o fabrică unde să fie produse cele mai noi cipuri (Yomiuri)",real
"Huawei a raportat venituri de peste 100 de miliarde de dolari, în primele nouă luni din 2020",real
"Cîţu: Guvernul va aproba acte normative care nu suportă amânare  achiziţia a 4,2 milioane de vaccinuri Pfizer",real
"Corporate News: Profitul companiei Samsung decolează, propulsat de vânzările de smartphone-uri și de problemele Huawei",real
Retrospectiva evenimentelor interne 12-16 aprilie 2021,real
"Consiliul Fiscal apreciază un nivel probabil al deficitului bugetar pentru anul 2020 de 9,8% din PIB",real
"Biserica Ortodoxă din Moldova, subordonată Rusiei, îndeamnă „să se țină post aspru” și „să ne rugăm unii pentru alții”, în contextul pandemiei COVID-19. Inițial, șefii Bisericii au lansat teorii ale conspirației cu Bill Gates, antene 5G și vaccin cu microcip",real
Apple vrea să majoreze cu 20% producţia noului model de iPhone,real
Recomandările Ministerului Sănătății pentru persoanele care iau tratament anticoagulant și care doresc să se vaccineze împotriva COVID,real
Coronavirus: Institutul de cercetare economică Ifo din Germania vede în varianta delta o ameninţare pentru economie,real
40% dintre bulgari cred că noul coronavirus este o armă biologică creată pentru a reduce populația de pe Glob (sondaj),real
"Ambasadorul SUA: Corporațiile corupte din China comunistă, precum Huawei și ZTE, nu își au locul în România democratică",real
7 lucruri pe care trebuie să le știe românii care călătoresc în Marea Britanie după Brexit,real
Analiză Reuters: Bill Gates nu vrea să microcipeze oamenii. Acuzațiile sunt false,real
Momente penibile cu influenceri din perioada COVID-19 care arată că internetul poate fi uneori toxic,real
Pot fi băgate cipuri în corpul uman prin intermediul vaccinurilor? De unde a pornit această conspirație anti-Bill Gates,real
"Samsung a redevenit cel mai mare producător mondial de smartphone, dar vânzările Xiaomi au explodat",real
Sondaj: Ştirile false şi slaba informare a publicului - pricipalele cauze ale scepticismului privind vaccinarea,real
"Primul român cu abonament 5G spune că îl costă 300 de lei, că e tot 60 de lei G-ul",fake
Protest al adepților teoriei Pământului plat după ce au apărut imagini din satelit în care se vede că Pământul s-a curbat din cauza 5G-ului!,fake
Alt geniu: preşedintele Consiliului Județean Iaşi şi-a dat găuri în mască. Să-i spună cineva că pe acolo poate intra 5G-ul!,fake
Academia Română va anunța mâine care este pluralul de la „pască”,fake
"Avocata Şoşoacă despre partajul lui Bill şi Melinda Gates: ""Împart 5G-ul şi rămâne fiecare cu câte 2,5G!""",fake
"Cum, fată, să lucrezi în IT şi să fii împotriva 5G???",fake
"După ce i s-au îmbolnăvit atâtea vedete de Covid, Antena 1 îşi schimbă numele în Antena 5G!",fake
În sfârşit ceva util! Un român a primit Ro-Alert că are şliţul desfăcut,fake
Un român angajat la Oculta Mondială şi-a făcut antenă 5G din piese furate de la muncă,fake
Să-ți tripleze izolarea oamenilor în casă veniturile din videochat şi tu să protestezi împotriva ei - asta înseamnă să fii PSD-istă!,fake
"S-a lansat Ţuicafe Dolcepruno, aparatul în care bagi două prune şi iese cinzeaca",fake
"Firea: ""Sunt filată şi urmărită!"" Or fi niste cablişti care vor să conecteze sârma la 5G!",fake
Ce înseamnă tehnologia 5G? Vei putea vedea 2 ore de porno în 45 de minute!,fake
Leșinul lui Ciolacu se complică. În public a fost văzut Bill Gates cu o antenă 5G,fake
Conspiraționist explodat după ce a aflat că coronavirusul poate fi vindecat prin iradiere cu 5G,fake
"După rețeaua 5G, Vodafone anunță o nouă revoluție în tehnologie: un site funcțional",fake
Neti Sandu are COVID. L-a luat de la cineva în Gemeni cu ascendent în Taur,fake
S-a aflat de ce este Firea nervoasă: sârma a început să intre în rezonanță cu 5G-ul!,fake
Chinezii investesc în România. În Botoșani se deschide prima fabrică HuaUăi,fake
"Tot văd la tv ""Preafericitul Daniel"" şi nu înțeleg cum e Daniel preafericit, că stă doar încruntat - zici că are 3 rate neplătite la Maybach!",fake
"Tehnologia 5G va fi numită în România Sistemul Arsenie Boca, să și-o dorească toți",fake
"Adepții teoriei Pământului Plat avertizează: ""Când se vor topi ghețarii din cauza 5G, o să curgă apă pe la margini şi o să-i inundăm pe vecinii de dedesubt, marțienii!""",fake
"Soros, furios că nu mai e băgat în seamă: “Să vă dea Bill Gates 50 de lei pe câine!”",fake
"Azi toți bugetarii sunt la birou, că vin Samsungurile noi",fake
"În sfârșit, un preot care se gândește mai mult la enoriași decât la bani: „E halucinant că mulți nu cred în Covid. Văd mulți specialiști și în fizică cuantică, în Bill Gates și 5G!”",fake
Să îi explice cineva PSD-istei videochatiste 5G-ul o va ajuta să nu i se mai blocheze camera din două în două secunde!,fake
Veşti extraordinare din China: unul din cei 5 pacienți înviați ieri este Mao!,fake
La protestul anti-Covid de la Cluj nu a venit nimeni. Știam că toți cretinii şi toate videochatistele s-au adunat la Bucureşti!,fake
Un român susţine că s-a vaccinat şi acum când vrea să facă l*ba îi cere parolă,fake
Tot mai mulţi turişti străini reclamă la poliţie că au fost muşcaţi de Dracula,fake
Milionarul american Elon Musk vrea ca până în 2021 să microcipeze toți românii,fake
Din nou cozi la vaccinare. S-a zvonit că cipul te ajută să câștigi la păcănele,fake
Un sat din România e atât de înapoiat că niciun locuitor nu e plătit de Soros,fake
"Vin Sfintele Pasti si pentru ortodocsi. O ocazie buna sa aratam lumii ca si ortodocsii pot fi civilizati, nu doar catolicii",fake
Vești bune! Sătenii din Suraia vând vaccin Pfizer în Piața Obor,fake
"Bill Gates, atac la Soros: ”Cine a pus cipuri aici înainte n-a fost meșter bun!”",fake
"Bill Gates a lansat un vaccin cu cip care arată mereu temperatura 37 cu 3, ca să nu ne mai lase să intrăm la Kaufland!",fake
Diabolic! Bill Gates a băgat cipurile în Triferment și toți românii sunt microcipați,fake
10 alte conspiraţii care circulă pe grupul „Fără botniţă”,fake
Cozi la vaccinare după s-a zvonit că vaccinații sunt scoși de la întreținere,fake
Românul care crește câini șoșocari nu poate dormi de la lătrat,fake
Sistemul cardurilor de sănătate s-a blocat după ce un român i-a spus medicului cât a băut,fake
Paznicii de la Kaufland vor depune luni Jurământul lui Hipocrate!,fake
"Iohannis s-a răzgândit cu vaccinul, că are deja vreo opt cipuri în cap",fake
"Unui roman vaccinat la prima doza cu serul Pfizer i s-a administrat a doua doză cu Moderna, desi Bil Gheitz a insistat sa nu se amestece cipurile din vaccinuri!",fake
Un român care s-a scobit în nas prin mască şi-a împins cipul 5G direct în creier,fake
"Iohannis a început să vorbească în maghiară la nici două ore de la vaccinare: ""Jo napot kívanok, Bill Gates!""",fake
Bunica de 90 de ani vaccinată de COVID spune că se croşetează mult mai bine cu 3 mâini,fake
"Românii vaccinaţi, rugaţi să nu iasă în ploaie. Riscă să facă scurt la cip",fake
"Imagini scârboase cu Şoşoacă în Parlament, căutându-se de cipuri în nas",fake
Bill și Melinda Gates divorțează! Păi și noi ăștia de ne-am vaccinat cu cip în custodia cui rămânem?,fake
"Gigi Becali: „Eu nu mă vaccinez niciodată, că îmi bagă cipul in cap prin ceafă şi după aia e pericol să gândeşti!""",fake
Arşinel întreabă dacă în loc de vaccin poate primi un rinichi!,fake
Fără mici şi microbuze… Nici mitingurile PSD nu mai sunt ce erau odată!,fake
SRI se plânge că cipurile implantate românilor în magazine le bruiază microfoanele,fake
Vrăjitoarea Astra Zeneca: „Degeaba te vaccinezi dacă ai anticorpii legați!”,fake
"Capitala introduce Câineta, o taxă pentru stăpânii care nu strâng căcatul câinilor",fake
Un conspiraționist care fugea de vaccinare a căzut de pe marginea Pământului,fake
Tipic! Pentru „activarea online” a cipului din vaccin trebuie mers la DSP cu dosarul,fake
"Olivia Steer are spume la gură, semn că vaccinul de COVID e aproape gata",fake
"Satelitul românesc nu poate fi lansat, că riscă să lovească turla Catedralei Neamului",fake
"Atenție! Prima doză de vaccin nu e eficientă, abia la rapel bagă bateriile în cip!",fake
"Dăncilă are un medalion cu numărul de telefon al lui Dragnea, în caz că se pierde",fake
Ai şobolani în gospodărie? Acum trebuie microcipaţi şi vaccinaţi,fake
"Vaccinul lui Bill Gates, rezultate încurajatoare. Cipul se atașează perfect la creier!",fake
Dispută medicală. Dr. Olivia Steer și dr. Ion Cristoiu se contrazic pe COVID,fake
"Bilanț. În 2020, românii au înghițit 35 de milioane de cipuri din parizer",fake
"1112 de cazuri noi în ultima zi. În ritmul ăsta, îl băgăm pe Bill Gates în faliment!",fake
"Iohannis şi-a băgat cip! De-acum, poate asculta telefoanele AURarilor şi pe Vodafone, şi pe Orange!",fake
Scandal la Primăria Capitalei după ce hingherii au sterlizat din greşeală un vârcolac,fake
Copiii mușcați de câini vor fi marcați cu microcipuri și strânși în adăposturi,fake
"67% dintre români se opun buletinelor electronice: ""Nu se poate așa ceva, vor fi mai inteligente decât noi!""",fake
"După ce Elon Musk a prezentat porcul cu cip în cap, Pandele a prezentat şi el capra cu sârmă-n kur!",fake
Surse: ţiganii adună fier vechi pentru că vor să construiască o armată de roboţi,fake
Fiul Rovanei Plumb și-a tras gagică de 240.000 de euro. Numai airbag-ul a costat cât 200 de pensii,fake
Priviți ce a putut să-i facă termoscannerul Brigittei Sfăt!,fake
Un ONG bucureștean recomandă ca Suarez să fie sterilizat și eliberat înapoi pe terenul de fotbal,fake
"Elon Musk a prezentat primul porc cu cip în cap. În sfârsit, o nouă şansă pentru Șerban Nicolae!",fake
Încă o reformă! Românii care mor trebuie să aştepte câteva luni de zile noile carduri de deces,fake
Să ajungi de pe plaja din Eforie direct în spitalul de Covid - asta înseamnă să-ți pună Bill Gates cipuri și în hamsii!,fake
"În urma succesului melodiei “Maidanez”, cântăreţul Puya a fost sterilizat şi microcipat de primărie",fake
#cip-avem-baetzi,fake
10 titluri de articole TNR pe care ne-a fost lene să le scriem,fake
Adrian Sobaru: ”Familia m-a convins să sar de la balcon”,fake
Urmașul șobolanului care a adus ciuma în Europa a fost găsit în Parcul Natural Văcărești,fake
"Daniel nu crede că buletinele cu cip distrug şansa la mântuire: ""Terminați cu superstițiile! Banul dat la biserică mântuieşte pe oricine, cu cip sau fără cip!""",fake
Ex Machina (2015) – Much more human than human,fake
Un robot sărac a găsit un portofel cu bitcoin pe jos şi l-a predat la poliţie,fake
"Psihiatru: Dragnea e la două declaraţii distanţă de “Pitica dracului, şomâldoacă escroacă”",fake
Ce țeapă și-a luat Bill Gates: a băgat cipuri de 10 dolari în creiere de 2 bani!,fake
"Gândacii puturoşi din Bucureşti vor fi microcipați, ca să nu se piardă de stăpân!",fake
Un caracalean se chinuie să-și învețe cardul să nu mai dea comisioane,fake
"Casa Poporului va fi deconsolidată, astfel încât să se prăbuşească la cutremure mai mici de 5 grade",fake
"Primul robot telefonic sincer: “Pentru moment, toţi operatorii noştri o freacă pe Facebook”",fake
Un român susţine că reptilienii i-au implantat un cip care piuie când iese din supermarket,fake
Milioane de cipuri vor fi rechemate în service pentru că nu au înregistrat nicio activitate în creierele românilor!,fake
"În atenția Avocatului Poporului: Bill Gates ne-a băgat cipuri chinezeşti ieftine, nu din alea bune de care le bagă ălora din Europa de Vest",fake
Un card de salariu cu adevărat masculin! Simte când e în poșeta femeii și se demagnetizează singur,fake
Iliescu e bolnav. Dar nu vă entuziasmați: abia face bolile copilăriei!,fake
"În atenția dnei Fierea: la supermarket îți bagă nu doar cipuri în cap, ci și lițe în kur!",fake
"S-a lansat o aplicaţie pentru locatari, care îţi afişează în timp real unde se află administratorul",fake
12 lucruri despre propunerile lui Remus Cernea în chestiunea delfinilor,fake
"Noua Dreaptă neagă că ar urî homosexualii: “Urâm toţi oamenii care fac sex, fără discriminare”",fake
Blasfemie! Scrisoarea către români a arhimandritului Iustin Pârvu conţine trei greşeli gramaticale,fake
Elon Musk a prezentat porcul cu cip în cap. Să vezi ce piftie cu gust de siliciu vor face românii din el!,fake
"Pentru că sunt prea agresivi, iubitorii de maidanezi vor fi sterilizaţi să nu se înmulţească",fake
Ministrul Educaţiei: Avem peste 154.000 de angajaţi din sistemul de învăţământ deja vaccinaţi,real
Coronavirus: Preşedinta Comisiei Europene organizează un teledon mondial pentru finanţarea descoperirii unui vaccin,real
UE negociază cu al cincilea producător major pentru vaccinul anti-Covid,real
"Patriarhia se implică în campania de vaccinare: a trimis tuturor ierarhilor broșura oficială ”Vaccinarea împotriva COVID-19 ÎN ROMÂNIA – Gratuită, Voluntară, Sigură”",real
FOTO Kylian Mbappe s-a vaccinat anti-Covid,real
"DSP Bacău, despre cazul femeii de 73 de ani care a murit la câteva ore după vaccin: Nu se susține decesul ca fiind o reacție adversă postvaccinală indezirabilă. Nu s-a stabilit o legătură de cauzalitate cu vaccinarea / Femeia suferea de mai multe boli cronice",real
Valneva a anunțat lansarea unui studiu clinic de fază 3 în care își va compara vaccinul contra Covid-19 cu cel AstraZeneca,real
"Kremlinul dă vina pe ""nihilism"" pentru noul val de infecții Covid",real
